{"cameraMode":{"drawMode":0,"name":"Shaded","section":"Shading Mode"},"sceneLighting":false,"audioPlay":false,"sceneViewState":{"showFog":true,"showMaterialUpdate":false,"showSkybox":false,"showFlares":true,"showImageEffects":true,"showParticleSystems":true},"in2DMode":false,"pivot":{"x":2.076958179473877,"y":2.238255023956299,"z":-2.346353054046631},"rotation":{"x":0.01124453917145729,"y":-0.40255892276763918,"z":-0.004961405880749226,"w":-0.9153403043746948},"size":6.876793384552002,"orthographic":false}